CDR3.beta,Epitope,Label
CASSLGSSYEQYF,YLEPGPVTA,1
CASSFGFGSSYGYTF,IVTDFSVIK,1
CASSPTSAAGELF,AVFDRKSDAK,1
CASSVAESPGYPPLVTEAF,IVTDFSVIK,1
CASTTGGATGYTF,IVTDFSVIK,1
CAMREDRDNYGKNFVF,GLCTLVAML,1
CASSQSPGGTQYF,GLCTLVAML,1
CSARAGVGNTIYF,GLCTLVAML,1
CASGSGVGNTIYF,GLCTLVAML,1
CASSRSPGGTQYF,GLCTLVAML,1
CASLAPGTTNEKLF,NLVPMVATV,1
CASGGGGFQETQYF,GLCTLVAML,1
CASSPGLTYPGELF,GLCTLVAML,1
CASSPPSGSGFNEQF,GLCTLVAML,1
CASSQSPGGYQF,GLCTLVAML,1
CASSVEGLRVTGELF,GLCTLVAML,1
CASSVGELAGGIDTQYF,GLCTLVAML,1
CASSVVGSDEQF,GLCTLVAML,1
CSARDRGLGNTIYF,GLCTLVAML,1
CSARDSTGNGYTF,GLCTLVAML,1
CSVAGLTTIEQF,GLCTLVAML,1
CSVGSEGTNEQF,GLCTLVAML,1
CATSDPLTASYEQF,NLVPMVATV,1
CASSAWDRSSGANVLTF,NLVPMVATV,1
CASSFLQVTEAF,NLVPMVATV,1
CASSFQTGASYGYTF,NLVPMVATV,1
CASSLAPGATNEKLF,NLVPMVATV,1
CASSLQTGATFNYGYTF,NLVPMVATV,1
CASSPKLQGAWAEKLF,NLVPMVATV,1
CASSQDPFAVLNTEAF,NLVPMVATV,1
CASSVGLPYEQYF,NLVPMVATV,1
CASHYGGSSYEQYF,NLVPMVATV,1
CASNPSGGYTGELF,NLVPMVATV,1
CASSLAPGATSEKLF,NLVPMVATV,1
CASSLEGFTEAF,NLVPMVATV,1
CASSLGGGGFYEQYF,NLVPMVATV,1
CASSPQTGAIYGYTF,NLVPMVATV,1
CASSSAYYGYTF,NLVPMVATV,1
CASSSLGGAGTGELF,NLVPMVATV,1
CASSSLYGDTGELF,NLVPMVATV,1
CASSYATGIGNYGYTF,NLVPMVATV,1
CSARDFDRTGELF,NLVPMVATV,1
CSVQEGNYGYTF,GLCTLVAML,1
CASSLTSGSPYNEQF,NLVPMVATV,1
CSARDRTGNGYTF,GLCTLVAML,1
CSARSGVGNTIYF,GLCTLVAML,1
CASQSGFLSNSPLHF,EAAGIGILTV,1
CASSFRGQNTEAF,EAAGIGILTV,1
CASSIEFDRGAPTEQYF,EAAGIGILTV,1
CASSLLGGLEAF,EAAGIGILTV,1
CASSQQGLGTEAF,EAAGIGILTV,1
CASTPPGSETQYF,EAAGIGILTV,1
CASTYTSLAHNEQF,EAAGIGILTV,1
CATSDQGGTEDEQF,EAAGIGILTV,1
CSARAGAETQYF,EAAGIGILTV,1
CSARAGNQPQHF,EAAGIGILTV,1
CAFQEASYGYTF,GLCTLVAML,1
CARDRIGNGYTF,GLCTLVAML,1
CAREGDVGNTIYF,GLCTLVAML,1
CARGSVGNTIYF,GLCTLVAML,1
CARVGVGNTIYF,GLCTLVAML,1
CASSLSSANYGYTF,NLVPMVATV,1
CASSLSVGAAGTNEKLF,GLCTLVAML,1
CASSLSVGAGGTNEKLF,GLCTLVAML,1
CASSLSVQEGNYGYTF,GLCTLVAML,1
CASRAEILATNEKLF,EAAGIGILTV,1
CASRLSLFIGSGGYEQYF,EAAGIGILTV,1
CASRRQSSYNEQF,EAAGIGILTV,1
CASSDAGTASYEQYF,EAAGIGILTV,1
CASSEAVTGLGETQYF,EAAGIGILTV,1
CASSEDSGGAYSGELF,EAAGIGILTV,1
CASSESYSGPGELF,EAAGIGILTV,1
CASSETASTWAGELF,EAAGIGILTV,1
CASSETGGTEAF,EAAGIGILTV,1
CASSFNTGELF,EAAGIGILTV,1
CASSHDGPGEQF,EAAGIGILTV,1
CASSIGGLAGNEQF,EAAGIGILTV,1
CASSLAGPNQETQYF,EAAGIGILTV,1
CASSLGLGGVRWSVKNIQYF,EAAGIGILTV,1
CASSLVGTPDYNEQF,EAAGIGILTV,1
CASSNTTGTVYEQYF,EAAGIGILTV,1
CASSPAALSGAYEQYF,EAAGIGILTV,1
CASSPGGLGGQYF,EAAGIGILTV,1
CASSQAGVGQPQHF,EAAGIGILTV,1
CASSQDFLSTDTQYF,EAAGIGILTV,1
CASSQDRLDYGYTF,EAAGIGILTV,1
CASSQEAGGMADTQYF,EAAGIGILTV,1
CASSQELLQGRGYTF,EAAGIGILTV,1
CASSQFSLGHTDTQYF,EAAGIGILTV,1
CASSQGGLGQPQHF,EAAGIGILTV,1
CASSQQGLGQPQHF,EAAGIGILTV,1
CASSRRDYRCETQYF,EAAGIGILTV,1
CASSVDVGGLEAF,EAAGIGILTV,1
CASSVGGLNTGELF,EAAGIGILTV,1
CASSVGQAAEAF,EAAGIGILTV,1
CASSVVPTVGFAGELF,EAAGIGILTV,1
CASSYGGLGQPQHF,EAAGIGILTV,1
CASSYSNPRAHNSPLHF,EAAGIGILTV,1
CASSYTGGGYNGELF,EAAGIGILTV,1
CASSYTGLATNEQF,EAAGIGILTV,1
CASTIQGLGQPQHF,EAAGIGILTV,1
CASTKMAGSNTEAF,EAAGIGILTV,1
CASTPGEGAGHGYTF,EAAGIGILTV,1
CSAKPPRGIYNEQF,EAAGIGILTV,1
CSASQGLTEAF,EAAGIGILTV,1
CSVPGLLNTEAF,EAAGIGILTV,1
CASQSGFLSNSPLHF,ELAGIGILTV,1
CASRLATLVGNEQF,ELAGIGILTV,1
CASSDYSNQPQHF,ELAGIGILTV,1
CASSLAWALQDEQYF,ELAGIGILTV,1
CASSLQGLGTEAF,ELAGIGILTV,1
CASSQGQLSSYNEQF,ELAGIGILTV,1
CASSYRGQSNQPQHF,ELAGIGILTV,1
CATAPREDRVGNEAF,ELAGIGILTV,1
CAWSVPGLGQPQHF,ELAGIGILTV,1
CGARDGTGNGYTF,GLCTLVAML,1
CAISESSIGNQPQHF,ATDALMTGY,1
CASIDRTIGNQPQHF,ATDALMTGY,1
CASRAGTSNTGELF,ATDALMTGY,1
CASRGGTINTGELF,ATDALMTGY,1
CASRTGISNTGELF,ATDALMTGY,1
CASSFSGQLDTIYF,ATDALMTGY,1
CASSLSGQLDEQYF,ATDALMTGY,1
CASSLVGQLYEQYF,ATDALMTGY,1
CASSPREIGNQPQHF,ATDALMTGY,1
CASSSGATGANVLTF,ATDALMTGY,1
CASSSIATGANVLTF,ATDALMTGY,1
CASSSLGQLETQYF,ATDALMTGY,1
CAISDMSWEQYF,NLVPMVATV,1
CASNNGKYEQYF,NLVPMVATV,1
CASSADGMNTEAF,NLVPMVATV,1
CASSFGTFGAYGYTF,NLVPMVATV,1
CASSLAGGTAHTEAF,NLVPMVATV,1
CASSLPETSGGLDEQF,NLVPMVATV,1
CASSLSGGAGELF,NLVPMVATV,1
CASSLSTSGSSYNEQF,NLVPMVATV,1
CASSLWEGREQF,NLVPMVATV,1
CASSPTTQGSYEQYF,NLVPMVATV,1
CSAQSGLAGGSLQETQYF,NLVPMVATV,1
CSAREPDDTREAF,NLVPMVATV,1
CSARGDTGTGYEQYF,NLVPMVATV,1
CSARHDLGQGYEQYF,NLVPMVATV,1
CSVGRLGLPYNEQF,NLVPMVATV,1
CASRALRGDNEQF,NLVPMVATV,1
CASRLGLGYEQYF,NLVPMVATV,1
CASSLAERSYEQYF,NLVPMVATV,1
CASSLAGRETEAF,NLVPMVATV,1
CASSLDRDRGRPEAF,NLVPMVATV,1
CASSLMGPGQPQHF,NLVPMVATV,1
CASSPLTGTGHYGYTF,NLVPMVATV,1
CASSTSLLAGNNEQF,NLVPMVATV,1
CASSYQTGASYGYTF,NLVPMVATV,1
CASSYSTGIGGGYTF,NLVPMVATV,1
CSAPSLLNTEAF,GLCTLVAML,1
CSARGGTGNGYTF,GLCTLVAML,1
CSVEASGGLFNEQF,GLCTLVAML,1
CSVGGTFYGYTF,GLCTLVAML,1
CATSSPGLASDEQF,YSEHPTFTSQY,1
CASDRGGNTGELF,QYDPVAALF,1
CASSLGAGGPSDTQYF,QYDPVAALF,1
CASSLNSVGTEAF,QYDPVAALF,1
CASSLSSTRTDTQYF,QYDPVAALF,1
CASSQVSTGETQYF,QYDPVAALF,1
CSARFSGQGTEAF,QYDPVAALF,1
CSAMREVNTEAF,GLCTLVAML,1
CSARGTGNGYTF,GLCTLVAML,1
CASREGDINTGELF,IVTDFSVIK,1
CASSAGRVSPGELF,GLCTLVAML,1
CASSAWDINTGELF,IVTDFSVIK,1
CASSEASGGFYNEQF,IVTDFSVIK,1
CASSFRLGQGHYGYTF,YVLDHLIVV,1
CASSKWTGGNQWF,GLCTLVAML,1
CASSLSVSTSLDTQYF,YVLDHLIVV,1
CASSLTSATGELF,AVFDRKSDAK,1
CASSLTTGIQYF,YVLDHLIVV,1
CASSSLQGNGQPQHF,YVLDHLIVV,1
CATSDWAGEMETQYF,YVLDHLIVV,1
CSARDRVGNGYTF,GLCTLVAML,1
CSARSRVGNTIYF,GLCTLVAML,1
CSGGTDGTNEKELF,GLCTLVAML,1
CSSLGTSFRTDTQYF,YVLDHLIVV,1
CSSSLRGSNQPQHF,YVLDHLIVV,1
CSVGSVGTNEKELF,GLCTLVAML,1
CSVGTVGTNEKELF,GLCTLVAML,1
CASLPSVGKGAYEQYF,RYPLTFGWCF,1
CASSAPRETQYF,RYPLTFGWCF,1
CASSDFSKGTDTQYF,RYPLTFGWCF,1
CASSPRDKPNYGYTF,RYPLTFGW,1
CASSPSTGKGNQPQHF,RYPLTFGWCF,1
CASSQPTGREQYF,RYPLTFGW,1
CASSQRDSQETQYF,RYPLTFGWCF,1
CASSTALRTGNYGYTF,RYPLTFGWCF,1
CASSYSHRLGLHEQYF,RYPLTFGWCF,1
CASSYSIGTGVNNYGYTF,RYPLTFGWCF,1
CAISEPGTSTDTQYF,YSEHPTFTSQY,1
CASSEPSTANEQF,YSEHPTFTSQY,1
CASSGRSTDTQYF,GILGFVFTL,1
CASSITSSYNEQF,GILGFVFTL,1
CASSPSDPGANVLTF,GLCTLVAML,1
CASSQDGAGGLGEQF,GLCTLVAML,1
CASSQRSTGELF,GILGFVFTL,1
CASSSTLAGGPYEQF,YSEHPTFTSQY,1
CASSVRQEPYNEQF,VLEETSVML,1
CASTSWGLQGPTGELF,YSEHPTFTSQY,1
CSAPGWDTEAF,YSEHPTFTSQY,1
CSGVVGRGAYNEQF,YSEHPTFTSQY,1
CSVGEGANYGYTF,YSEHPTFTSQY,1
CASSFSLPYEQYF,NLVPMVATV,1
CASSIGQGPYEQYF,ALTPVVVTL,1
CASTIVSGYTF,NLVPMVATV,1
CASSIGLYGYTF,GILGFVFTL,1
CASSIHSGGNTEAF,GILGFVFTL,1
CASSIRSGNIQYF,GILGFVFTL,1
CASSIRSSEEQYF,GILGFVFTL,1
CASSITGGEGGELF,GILGFVFTL,1
CASSPRSAGELF,GILGFVFTL,1
CASSPRSGETQYF,GILGFVFTL,1
CASSSGSYGYTF,GILGFVFTL,1
CASSSRASYEQYF,GILGFVFTL,1
CASSTRSAYEQYF,GILGFVFTL,1
CASSTWSTDTQYF,GILGFVFTL,1
CASSVRAAWEQYF,GILGFVFTL,1
CASSVRSTGGLF,GILGFVFTL,1
CASSSLRGSNQPQHF,YVLDHLIVV,1
CSARDRGIGNTIYF,GLCTLVAML,1
CASSLQEWDPNYGYTF,CINGVCWTV,1
CAISEVLTGAYGYTF,LLWNGPMAV,1
CASGTEIFYYEQYF,LLWNGPMAV,1
CASNGGLAYEQYF,LLWNGPMAV,1
CASSAAGNQPQHF,LLWNGPMAV,1
CASSAGQESYEQYF,LLWNGPMAV,1
CASSATGTGGYEQYF,LLWNGPMAV,1
CASSAYNEQFF,LLWNGPMAV,1
CASSDKFAGNPQPQHF,LLWNGPMAV,1
CASSGQGAYGYTF,LLWNGPMAV,1
CASSGQGGYEQYF,LLWNGPMAV,1
CASSGRDRQNTEAFF,LLWNGPMAV,1
CASSLEGQGAPGQPQHF,LLWNGPMAV,1
CASSLKGNTEAFF,LLWNGPMAV,1
CASSLYPGTAEGGYTF,LLWNGPMAV,1
CASSLYPLGFGYTF,LLWNGPMAV,1
CASSNGQNAYEQYF,LLWNGPMAV,1
CASSPAGVSYEQYF,LLWNGPMAV,1
CASSPGHAYEQYF,LLWNGPMAV,1
CASSPQGFSYEQYF,LLWNGPMAV,1
CASSPRQGNDEQYF,LLWNGPMAV,1
CASSQEGTPISYEQYF,LLWNGPMAV,1
CASSQEVAYEQYF,LLWNGPMAV,1
CASSQGGDGYGYTF,LLWNGPMAV,1
CASSSGSPGSYGYTF,LLWNGPMAV,1
CASSSSGTAYGYTF,LLWNGPMAV,1
CASSVGGGREQFF,LLWNGPMAV,1
CASTPGTGAYEQYF,LLWNGPMAV,1
CASTPSPSRPPLF,LLWNGPMAV,1
CASTRQGAYEQYF,LLWNGPMAV,1
CATSRASGSYEQYF,LLWNGPMAV,1
CATSRESGNGKLFF,LLWNGPMAV,1
CAVGAGATYEQYF,LLWNGPMAV,1
CSASEAGGSYEQYF,LLWNGPMAV,1
CSASLKADEQFF,LLWNGPMAV,1
CSGGLKADTQYF,LLWNGPMAV,1
CSVPSRGYAGELFF,LLWNGPMAV,1
CSVQRRADEQFF,LLWNGPMAV,1
CSVVLVDRGADTQYF,LLWNGPMAV,1
CASGGLSSYNEQFF,GLCTLVAML,1
CASGGLVHEQFF,GILGFVFTL,1
CASGLVPGGLVYEQYF,GILGFVFTL,1
CASRLAGSHEQYF,GILGFVFTL,1
CASSAGQVSPGELFF,GLCTLVAML,1
CASSDGTGGILYEQYF,GILGFVFTL,1
CASSDRATQPQHF,GILGFVFTL,1
CASSFYSNQPQHF,GILGFVFTL,1
CASSGRSAGELFF,GILGFVFTL,1
CASSGRWTAYNEQFF,NLVPMVATV,1
CASSIGTYGYTF,GILGFVFTL,1
CASSIMGSGNTIYF,GILGFVFTL,1
CASSKGEVTEAFF,NLVPMVATV,1
CASSKRSTGELFF,GILGFVFTL,1
CASSLLVSGVSSTDTQYF,GILGFVFTL,1
CASSPDREGGDRGYNEQFF,GLCTLVAML,1
CASSPGSTAPGELFF,GLCTLVAML,1
CASSPRDGQETQYF,GILGFVFTL,1
CASSPVSGSSYEQYF,GLCTLVAML,1
CASSQCPGGEQYF,GLCTLVAML,1
CASSQDLAGEGTDTQYF,GILGFVFTL,1
CASSQEEGPGNQPQHF,NLVPMVATV,1
CASSQGAFGYTF,GILGFVFTL,1
CASSQTYEQYF,GILGFVFTL,1
CASSSQSNQPQHF,GILGFVFTL,1
CASSSRQGAANEKLFF,GILGFVFTL,1
CASSSVSGYTF,NLVPMVATV,1
CASSTIEGQGGRHTQYF,GILGFVFTL,1
CASSVVGGNEQFF,GLCTLVAML,1
CASSVWTGHDEQFF,GLCTLVAML,1
CASSYFDEKLFF,NLVPMVATV,1
CASSYSWTGSNYGYTF,NLVPMVATV,1
CASSYTLASYEQYF,NLVPMVATV,1
CATEQGMHEQYF,NLVPMVATV,1
CATSDFPPGVRGAPQETQYF,GILGFVFTL,1
CATSDRTSATEAFF,NLVPMVATV,1
CATSDYVSGTLQETQYF,GILGFVFTL,1
CATSERGDLNFGTDTQYF,GILGFVFTL,1
CAWSVSDVANTEAFF,NLVPMVATV,1
CSAEISGTQLYNEQFF,GLCTLVAML,1
CSARDGLAGHYEQYF,NLVPMVATV,1
CSARDGLTGHYEQYF,NLVPMVATV,1
CSARDGTRAHYEQFF,GILGFVFTL,1
CSARDRNTQGPETQYF,NLVPMVATV,1
CSARDRVGNGHTF,GLCTLVAML,1
CSVEAVGDGIYNEQFF,GLCTLVAML,1
CSVGSAGTNEKLFF,GLCTLVAML,1
CSVPGTVQETQYF,GLCTLVAML,1
CASNWQGPYNEQFF,VTEHDTLLY,1
CASSQAHEFRGNTIYF,VTEHDTLLY,1
CATSSLSGRVTGELFF,VTEHDTLLY,1
CSARDRDRAMNTEAFF,VTEHDTLLY,1
CSARDRGWDEQFF,VTEHDTLLY,1
CSVPSDMSKKTQYF,VTEHDTLLY,1
CSVSLGPAGPPF,VTEHDTLLY,1
CSVVAGGADTQYF,VTEHDTLLY,1
CAWSVYRGYEQYF,VTEHDTLLY,1
CAWSWSGGGTGELFF,VTEHDTLLY,1
CASSPGQLLTF,VTEHDTLLY,1
CASSQDRNSGYGYTF,VTEHDTLLY,1
CASSQGPGQGANYGYTF,VTEHDTLLY,1
CASSQGRGDTEAFF,VTEHDTLLY,1
CASSQLAGVVTQYF,VTEHDTLLY,1
CASSQLPGPEAFF,VTEHDTLLY,1
CASSQMEQLEQYF,VTEHDTLLY,1
CASSQSRSSYNEQFF,VTEHDTLLY,1
CASSLHETGMNTEAFF,VTEHDTLLY,1
CASSQDTGLGVGAYEQYF,VTEHDTLLY,1
CASSQERGGKWAYEQYF,VTEHDTLLY,1
CASSQGTGNTEAFF,VTEHDTLLY,1
CASSDLRAGELFF,VTEHDTLLY,1
CASSLAPGQGILNEQFF,VTEHDTLLY,1
CASTHAGRPYEQYF,VTEHDTLLY,1
CASSLNSLWVAGGNNEQFF,VTEHDTLLY,1
CASSLSLAGREQFF,VTEHDTLLY,1
CASSPRSGLGPYNEQFF,VTEHDTLLY,1
CASSPTGGNTGELFF,VTEHDTLLY,1
CASSPTGGSSYEQYF,VTEHDTLLY,1
CASSRRGQNTEAFF,VTEHDTLLY,1
CASSSSSGRTTDTQYF,VTEHDTLLY,1
CASSESLLTEQFF,VTEHDTLLY,1
CASSLAPASGRRDNEQFF,VTEHDTLLY,1
CASSPGTDTQYF,VTEHDTLLY,1
CASSPTWSPYEQYF,VTEHDTLLY,1
CASSSIWTSGREETQYF,VTEHDTLLY,1
CASSYPSNPGGTEAFF,VTEHDTLLY,1
CASRWSGGGARDPQYF,VTEHDTLLY,1
CASSLAGFGQPQHF,VTEHDTLLY,1
CASSLGGEQFF,VTEHDTLLY,1
CASSLGTGGWETQYF,VTEHDTLLY,1
CASSPQGVVEQFF,VTEHDTLLY,1
CASSQDISDTDTQYF,VTEHDTLLY,1
CASSRAGTGGSETQYF,VTEHDTLLY,1
CASSSIAGPIEQFF,VTEHDTLLY,1
CASSSSGQVYEQYF,VTEHDTLLY,1
CASSWSGGGARDTQDV,VTEHDTLLY,1
CASSWSGGGARVPQYF,VTEHDTLLY,1
CASSPGLAGVYEQYF,CTELKLSDY,1
CATSREQNNSPLHF,CTELKLSDY,1
CATSRERWGEYEQYF,CTELKLSDY,1
CASSFEGLLSTDTQYF,CTELKLSDY,1
CSAEIADYEQYF,CTELKLSDY,1
CSVDQDTQYF,CTELKLSDY,1
CASSQGRASSGNTIYF,CTELKLSDY,1
CASSAGTGKTQYF,CTELKLSDY,1
CASSQGEGQFF,CTELKLSDY,1
CAIRDKMNTEAFF,NLVPMVATV,1
CAISDGGRTDTYEQYF,NLVPMVATV,1
CAISESYEQYF,NLVPMVATV,1
CASSSVNEQYF,NLVPMVATV,1
CASSFGLAGVEDTQYF,NLVPMVATV,1
CSAARGHYGYTF,NLVPMVATV,1
CSAGEASGVFQETQYF,NLVPMVATV,1
CASSPSSGAYEQYF,NLVPMVATV,1
CASSTPGAKLGDTGELFF,NLVPMVATV,1
CSDGQAFF,NLVPMVATV,1
CAWRPAMVYEQYF,NLVPMVATV,1
CASSNLRWKGRGYTF,NLVPMVATV,1
CASSQRMGLSETQYF,NLVPMVATV,1
CASSNLPGTVEAFF,NLVPMVATV,1
CASTGTARFTGELFF,NLVPMVATV,1
CASSYSWGFQETQYF,NLVPMVATV,1
CASSFYGYSNQPQHF,NLVPMVATV,1
CASSLASPETQYF,NLVPMVATV,1
CASSFTEDEQFF,GLCTLVAML,1
CASSGAGGGSPDTQYF,GLCTLVAML,1
CASGGHNEQFF,GLCTLVAML,1
CASGTGTGELFF,GLCTLVAML,1
CASRGSGELFF,GLCTLVAML,1
CASSFGGNEQYF,GLCTLVAML,1
CASSFGPNTEAFF,GLCTLVAML,1
CASSFHRVMNTEAFF,GLCTLVAML,1
CASSQGAGELFF,GLCTLVAML,1
CASSRRPGLGETQYF,GLCTLVAML,1
CASTIGGGETQYF,GLCTLVAML,1
CASSHASNEQFF,GLCTLVAML,1
CASSQPPGGTQYF,GLCTLVAML,1
CASSQSLGGTQYF,GLCTLVAML,1
CASSQSPGGKQYF,GLCTLVAML,1
CASSQSPGGTQNF,GLCTLVAML,1
CASSQSPGGTQYL,GLCTLVAML,1
CASSQSPGGVQYF,GLCTLVAML,1
CASSQSSGGTQYF,GLCTLVAML,1
CASSTLPRQGPQETQYF,GLCTLVAML,1
CATRQGNQPQHF,GLCTLVAML,1
CATSRDGSGGASGELFF,GLCTLVAML,1
CATSSASGRGSDTQYF,GLCTLVAML,1
CASSIDFTANTEAFF,GLCTLVAML,1
CASSIDRVLGRTGELFF,GLCTLVAML,1
CASSSGNNEQFF,GLCTLVAML,1
CASSEGQVAPGEQYF,GLCTLVAML,1
CSADRTGSYEQYF,GLCTLVAML,1
CSARGQAITAKLFF,GLCTLVAML,1
CSARGQAITENLFF,GLCTLVAML,1
CSARGQAITEQLFF,GLCTLVAML,1
CSARIGVGNGYTF,GLCTLVAML,1
CSARNPGSGYTF,GLCTLVAML,1
CSARSRPVGNTIYF,GLCTLVAML,1
CSASPISPTGAYEQYF,GLCTLVAML,1
CSAYPGPNYGEQYF,GLCTLVAML,1
CSGEDQETQYF,GLCTLVAML,1
CASSSGAGEANEQYF,GLCTLVAML,1
CASGQGIAEAFF,GLCTLVAML,1
CASSLSLGRIDGYTF,GLCTLVAML,1
CSVDEGSDTQYF,GLCTLVAML,1
CSVEPPETQYF,GLCTLVAML,1
CSVGGSFYGYTF,GLCTLVAML,1
CSVGRDGTNEKLFF,GLCTLVAML,1
CSYAAGVNEQFF,GLCTLVAML,1
CARSRGAVEQFF,GLCTLVAML,1
CAWSATSSNQPQHF,GLCTLVAML,1
CAWSMDRDFYGYTF,GLCTLVAML,1
CAWSPIAGGRNEQFF,GLCTLVAML,1
CAWSRGAVEQFF,GLCTLVAML,1
CAWSRGAVEQFL,GLCTLVAML,1
CAWSRGAVEQLF,GLCTLVAML,1
CAWSRGAVEQYF,GLCTLVAML,1
CAWTLAGRDTGELFF,GLCTLVAML,1
CASRRTTGANTEAFF,GLCTLVAML,1
CASSFGQGNTEAFF,GLCTLVAML,1
CASSLLSGTSLRVTGELFF,GLCTLVAML,1
CASSPEVTSGGHEQYF,GLCTLVAML,1
CASSPVGAASSYEQYF,GLCTLVAML,1
CASSQAGQGAYEQYF,GLCTLVAML,1
CASSQDFRGGYEQYS,GLCTLVAML,1
CASSQDGSGGLGEQFF,GLCTLVAML,1
CASSQDGSGGLGEQYF,GLCTLVAML,1
CASSQDGTSGKETQYF,GLCTLVAML,1
CASSQLAQGRGAYNEQFF,GLCTLVAML,1
CASSQLIPGLLYGYTL,GLCTLVAML,1
CASSQVSGLAGGQNTGELFF,GLCTLVAML,1
CASSRPGQGDTEAFF,GLCTLVAML,1
CASSTHTDTQYF,GLCTLVAML,1
CASSQDGSGGHTEQFF,GLCTLVAML,1
CASSQDRTGVRNIQYF,GLCTLVAML,1
CASSQGGGPAAFF,GLCTLVAML,1
CASSQDDRVEKLFF,GLCTLVAML,1
CASSQERGGKWAYEQYF,GLCTLVAML,1
CASSQVGLGRGSQYF,GLCTLVAML,1
CASSQVLRGPSSYNEQFF,GLCTLVAML,1
CASRLGETQYF,GLCTLVAML,1
CASSFVHGYTF,GLCTLVAML,1
CASSRTGMGETQYF,GLCTLVAML,1
CASSDSSTDTQYF,GLCTLVAML,1
CASKDPGWFLAFF,GLCTLVAML,1
CASSKQGSTEAFF,GLCTLVAML,1
CASSLPQGEQYF,GLCTLVAML,1
CASSPTSGGYEQYF,GLCTLVAML,1
CASSHPSEQYF,GLCTLVAML,1
CASSYSSLAGLNTEAFF,GLCTLVAML,1
CASSYYDGYGYTF,GLCTLVAML,1
CASRDRAPSYEQYF,GLCTLVAML,1
CASSLRPQQDSSYNEQFF,GLCTLVAML,1
CASSSTGNTNTGELFF,GLCTLVAML,1
CASSYTGGTTDTQYF,GLCTLVAML,1
CASSLSPSASYEQYF,GLCTLVAML,1
CASSPGPYTLNTGELFF,GLCTLVAML,1
CASSFRWRERDTQYF,GLCTLVAML,1
CASSLGGEETQYF,GLCTLVAML,1
CASSLQGGSKYF,GLCTLVAML,1
CASSLRGTETEAFF,GLCTLVAML,1
CASSLSRGPYNEQFF,GLCTLVAML,1
CASSSGTGDYEQYF,GLCTLVAML,1
CASGPYTGGYNEQFF,GLCTLVAML,1
CASSASAGPGDTQYF,GLCTLVAML,1
CASRPRRAGGDRKLFF,GLCTLVAML,1
CASSFAGGKDYGYTF,GLCTLVAML,1
CASSHPEGGTGELFF,GLCTLVAML,1
CASSIDQRSSYEQYF,GLCTLVAML,1
CASSLALDRGVETQYF,GLCTLVAML,1
CASSLGQAYEQYF,GLCTLVAML,1
CASSLMGRGPNTGVLFF,GLCTLVAML,1
CASSLMGRGPSTGELFF,GLCTLVAML,1
CASSLSGSYYNEQFF,GLCTLVAML,1
CASSLTDPHEQYF,GLCTLVAML,1
CASSLTDPYEQYF,GLCTLVAML,1
CASSLTNPYEQYF,GLCTLVAML,1
CASSPIMNTEAFF,GLCTLVAML,1
CASSPRGGAGTDTQYF,GLCTLVAML,1
CASSPTSSTHSYEQYF,GLCTLVAML,1
CASSSGLQETQYF,GLCTLVAML,1
CASSSLRVETQYF,GLCTLVAML,1
CAIPTDSSGNTIYF,GLCTLVAML,1
CASSDRTYEQFF,GLCTLVAML,1
CASSLVRGGNEQFF,GLCTLVAML,1
CASSPGGLSRGEAFF,GLCTLVAML,1
CASSSGRDSGANVLTF,GLCTLVAML,1
CASSSTGAGTDTQYF,GLCTLVAML,1
CASSSTGEGTDTQDF,GLCTLVAML,1
CASSYRDSYEQYF,GLCTLVAML,1
CASSVRGRGTQTDTQYF,GLCTLVAML,1
CASSLWVGGSSGANVLTF,GLCTLVAML,1
CASSASGGAGNEQFF,GILGFVFTL,1
CASGLGPTYEQYF,GILGFVFTL,1
CASSQRSLSGANVLTF,GILGFVFTL,1
CASSPGRDYEQYF,GILGFVFTL,1
CATSRDRLAGGIHEQYF,GILGFVFTL,1
CSAFDRVYGYTF,GILGFVFTL,1
CSALSDEQYF,GILGFVFTL,1
CSAPQLAGGTDTQYF,GILGFVFTL,1
CSAQGTGSSGANVLTF,GILGFVFTL,1
CSARDKAGEGYNEQFF,GILGFVFTL,1
CSARDKFYRASGDSYEQYF,GILGFVFTL,1
CSARDRLGEQYF,GILGFVFTL,1
CSAREVYEQFF,GILGFVFTL,1
CASSEWDSEPQHF,GILGFVFTL,1
CASSPRGMSYEQYF,GILGFVFTL,1
CASSWGLAGEEQFF,GILGFVFTL,1
CSVDTLGRGGTEAFF,GILGFVFTL,1
CSVEDLGYPTSDTQYF,GILGFVFTL,1
CSVEDVASGSGEQFF,GILGFVFTL,1
CSVEKGTATLEQYF,GILGFVFTL,1
CSVELASGTYEQYF,GILGFVFTL,1
CSVGKSTSVPLNEQFF,GILGFVFTL,1
CSVSTGGFGNQPQHF,GILGFVFTL,1
CSVVTENNYGYTF,GILGFVFTL,1
CAWMGAGQRNTIYF,GILGFVFTL,1
CAWSGGTSRGAQYF,GILGFVFTL,1
CAWSNGGRAEAFF,GILGFVFTL,1
CAWSPGTVSEQYF,GILGFVFTL,1
CAWSQGASGNQPQHF,GILGFVFTL,1
CAWSVAGSTDTQYF,GILGFVFTL,1
CAWSVGGGGYTF,GILGFVFTL,1
CAWSVLTDSPLHF,GILGFVFTL,1
CASSLGVGTEAFF,GILGFVFTL,1
CASSPLLSESYNEQFF,GILGFVFTL,1
CASSPTGGNTEAFF,GILGFVFTL,1
CASSQDDLEGSEAFF,GILGFVFTL,1
CASSQDGKGATYNSPLHF,GILGFVFTL,1
CASSQDRGTGYNEQFF,GILGFVFTL,1
CASSQGRGPGKYF,GILGFVFTL,1
CASSQWVITANEKLFF,GILGFVFTL,1
CASSQAGGRDEAFF,GILGFVFTL,1
CASSQDLGAGTEAFF,GILGFVFTL,1
CASSQDPAGVGYEQYF,GILGFVFTL,1
CASTPAGGRDEQYF,GILGFVFTL,1
CASSQDSSGGPYNEQFF,GILGFVFTL,1
CASSQERGGKWAYEQYF,GILGFVFTL,1
CASSQEVQGGEKLFF,GILGFVFTL,1
CASSQGLAGDLQETQYF,GILGFVFTL,1
CASSQRTGGADGYTF,GILGFVFTL,1
CASSDRTSGINEQFF,GILGFVFTL,1
CASSELGGYNEELFF,GILGFVFTL,1
CASSEWAGGGTDTQYF,GILGFVFTL,1
CASSYTLPGTVPQRNQPQHF,GILGFVFTL,1
CASSGEGVGQPQHF,GILGFVFTL,1
CASSSSSVNEQFF,GILGFVFTL,1
CASSYVASGSSNYGYTF,GILGFVFTL,1
CASRLGQGRRDEQFF,GILGFVFTL,1
CASSPLDTKQQFF,GILGFVFTL,1
CASSPPTLGQNYEQYF,GILGFVFTL,1
CASSSLSGLYEQYF,GILGFVFTL,1
CASSFLSADTQYF,GILGFVFTL,1
CASSLDPVYRSTEAFF,GILGFVFTL,1
CASSLQGNYGYTF,GILGFVFTL,1
CASSWGLDNEQFF,GILGFVFTL,1
CASSYRVGPLHF,GILGFVFTL,1
CASSLAEVHNEQFF,GILGFVFTL,1
CASSLAGNYGYTF,GILGFVFTL,1
CASSLAGSSDEQFF,GILGFVFTL,1
CASSLAPLSTDTQYF,GILGFVFTL,1
CASSLAYEQFF,GILGFVFTL,1
CASSLGQSANYGYTF,GILGFVFTL,1
CASSLLGFSTETQYF,GILGFVFTL,1
CASSLNRGPADTQYF,GILGFVFTL,1
CASSLVAGATDTQYF,GILGFVFTL,1
CASSLVQDGLATNEKLFF,GILGFVFTL,1
CASSSGTGNSGELFF,GILGFVFTL,1
CASSSKRGPYNEQFF,GILGFVFTL,1
CASSSPLIAGTIDTQYF,GILGFVFTL,1
CANSSHRGEAAFF,GILGFVFTL,1
CASRTDRGNTGELFF,GILGFVFTL,1
CASSFDRGGNYGYTF,GILGFVFTL,1
CASSGRTSGRPDTQYF,GILGFVFTL,1
CASSLVPDRGVAGELFF,GILGFVFTL,1
CASSPATGPREQYF,GILGFVFTL,1
CASSPGGAAGYTF,GILGFVFTL,1
CASSPVLGSTEAFF,GILGFVFTL,1
CASSSTGTGITGELFF,GILGFVFTL,1
CASTLGGGYEQYF,GILGFVFTL,1
CASSPDSDSYEQYF,GILGFVFTL,1
CASSVDVSNEQFF,GILGFVFTL,1
CASSVGSGTEAFF,GILGFVFTL,1
CASSFGQGGYEQYF,GILGFVFTL,1
CASSGRSGIEQYF,GILGFVFTL,1
CASSIRAAYEQYF,GILGFVFTL,1
CASSIRSLDIQYF,GILGFVFTL,1
CASSSRSTGELFF,GILGFVFTL,1
CASSTRSAAPLHF,GILGFVFTL,1
CSASGGRQRTEAFF,GILGFVFTL,1
CASSSDRGGYNEQFF,GILGFVFTL,1
CASSYGTGSSEQYF,GILGFVFTL,1
CASSSSGGEYNEQFF,GILGFVFTL,1
CASSPTGGLETQYF,GILGFVFTL,1
CASGLTGFMDEQYF,NLVPMVATV,1
CASSSETELLYYGYTF,NLVPMVATV,1
CASSQALPDEQYF,NLVPMVATV,1
CASSPQGLGTEAF,ELAGIGILTV,1
CASSFQGLGTEAF,ELAGIGILTV,1
CASSLQSLLDEKLF,ELAGIGILTV,1
CASSPGQGFVKF,ELAGIGILTV,1
CASSLGTGDEQYF,GLCTLVAML,1
CASSLGGGSYEQYF,NLVPMVATV,1
CASSTYSQDTQYF,GILGFVFTL,1
CASSQVGGPDTQYF,GILGFVFTL,1
CASSIYGGSYNEQFF,GILGFVFTL,1
CASSILGKDTQYF,GILGFVFTL,1
CASSYTGGLMAFF,GILGFVFTL,1
CSGRINTEAFF,GILGFVFTL,1
CASSSRSGETQYF,GILGFVFTL,1
CASSLGQGATF,GILGFVFTL,1
CSAWDRTEAFF,GILGFVFTL,1
CATPKGEASTEAFF,GILGFVFTL,1
CASSPRSSEPQHF,GILGFVFTL,1
CASSLFSIGEQFF,GILGFVFTL,1
CASSIGWSGYTF,GILGFVFTL,1
CASSHLQGGQYNEQFF,GILGFVFTL,1
CASSLAGVGEQFF,GILGFVFTL,1
CASSLTGTLVDEQYF,GILGFVFTL,1
CSARGPSGANVLTF,GILGFVFTL,1
CATSGTGGSGANVLTF,GILGFVFTL,1
CSARDTSNQPQHF,GILGFVFTL,1
CASSASGDTGELFF,GILGFVFTL,1
CASSETGVGGYTF,GILGFVFTL,1
CASSTGAYGYTF,GILGFVFTL,1
CASSGRSLEEQYF,GILGFVFTL,1
CATSDTHSGANVLTF,GILGFVFTL,1
CAWSVILWGRGPTDTQYF,GILGFVFTL,1
CASSLVGTGELFF,GILGFVFTL,1
CASKDNISFRGYTF,GILGFVFTL,1
CSARSGLAGGGDTQYF,GILGFVFTL,1
CASSDSRQGAFRRETQYF,GILGFVFTL,1
CASSTYANTEAFF,GILGFVFTL,1
CASSITGWGSPLHF,GILGFVFTL,1
CASSLLQGTEAFF,GILGFVFTL,1
CASSGYSVDTQYF,GILGFVFTL,1
CASSQRASYEQYF,GILGFVFTL,1
CAITHPPIGETQYF,GILGFVFTL,1
CASSQDRREQYF,GILGFVFTL,1
CASSYFRRLPGQVFYEQYF,GILGFVFTL,1
CASSLDPGSSGANVLTF,NLVPMVATV,1
CASSYSRQWNTEAFF,NLVPMVATV,1
CASSKGTANTEAFF,NLVPMVATV,1
CASSYELRTGVFDTQYF,NLVPMVATV,1
CASSLGPAYEQYF,NLVPMVATV,1
CASTPGELAGGGETQYF,NLVPMVATV,1
CASREPSGRADEQFF,NLVPMVATV,1
CSVEGVRKTNTGELFF,NLVPMVATV,1
CASTLAGGTDTQYF,NLVPMVATV,1
CASSPSMSTEAFF,NLVPMVATV,1
CSARDNLQARYGYTF,NLVPMVATV,1
CASSSDGGLWDTEAFF,NLVPMVATV,1
CASSQGRGEQFF,NLVPMVATV,1
CATTTGTESSNQPQHF,NLVPMVATV,1
CASSLVGGGMGWEQFF,NLVPMVATV,1
CASSLWVENYGYTF,NLVPMVATV,1
CASSVGLHGQPTNEKLFF,NLVPMVATV,1
CSARDIMNTGELFF,NLVPMVATV,1
CSGAPPYNEQFF,NLVPMVATV,1
CAWSIERELDEQFF,NLVPMVATV,1
CASSPFPSGFTDTQYF,NLVPMVATV,1
CATSRGDTGELFF,NLVPMVATV,1
CASSIFGGQNQPQHF,NLVPMVATV,1
CASSRRGTGELFF,NLVPMVATV,1
CASSPWLTSGYTDTQYF,NLVPMVATV,1
CATSDLPYIGTRLNEQFF,VLFGLGFAI,1
CAASGGSNYKLTF,VLFGLGFAI,1
CASSQEVMTALQPDYGYTF,GILGFVFTL,1
CASSLWVAGNGSTF,GILGFVFTL,1
CIAQGAQKLVF,GILGFVFTL,1
CASSLGRINEQFF,GILGFVFTL,1
CAVLMDNDMRF,GILGFVFTL,1
CAISDWSTYEQYF,GILGFVFTL,1
CASSTQGSQPQHF,GILGFVFTL,1
CASSFRSPNERNF,GILGFVFTL,1
CASGRAGGPGNEQSF,GILGFVFTL,1
CSASLLASTSGGAGNEQFF,GILGFVFTL,1
CASTRGVGTEAFF,GILGFVFTL,1
CSPPKDLPYKRNF,GILGFVFTL,1
CASGGRSSYERYF,GILGFVFTL,1
CASSFFLAAGYPF,GILGFVFTL,1
CASSIGYEQFF,GILGFVFTL,1
CASSDPRGEETQYF,GILGFVFTL,1
CASSGGSKKTQF,GILGFVFTL,1
CASRGRSSYEHYF,GILGFVFTL,1
CASSGRPTETQYF,GILGFVFTL,1
CAGANTNAGKSTF,GILGFVFTL,1
CILRDPFTGGGIKFTF,GILGFVFTL,1
CASGSIEETQYF,GILGFVFTL,1
CASSIRGSYEQYF,GILGFVFTL,1
CAWSVSVYYGYTF,ILNVDVFTL,1
CASSAAGQELGYTF,VLNPFIYTL,1
CASSFMGQGESGYTF,LLSIIFFPA,1
CASSEIASYNEQFF,FILDAVQRV,1
CSASSPDREADGYTF,VLNYFKPYL,1
CASSVEGALTDTQYF,YLDELIRNT,1
CAWSGYSYEQYF,KLMNIQQKL,1
CSARGDLLPEAFF,VVMSWAPPV,1
CASSHETGELFF,YVLTWIVGA,1
CASSLSPGYTEAFF,YVLTWIVGA,1
CASSYADGLEQYF,ILNAMIAKI,1
CSARDRGFFRPGELFF,FIYQYYSSI,1
CSADRPGQSQETQYF,FIYQYYSSI,1
CASSQDPGSNQPQHF,FMLYLLTLM,1
CASSTYYEQFF,FMLYLLTLM,1
CASSHNRGYEQYF,FLNVLFPLL,1
CASSVGSGEQYF,KMVAVFYNT,1
CASRGGGGFYEQYF,VLNYFKPYL,1
CASSDDIVTDTQYF,FLYNLLTRV,1
CASSPMTDSTDTQYF,AMAGSLVFL,1
CASSQEIGMNEKLFF,KLSHQLVLL,1
CASSSTDGYQETQYF,ALLQVTLLL,1
CASSAGGNTIYF,FMIGYTSAL,1
CASSSDSQETQYF,FMIGYTSAL,1
CASSLSGGPQHF,LMFWASSSI,1
CASSQGQGSLQYF,FLIYLDVSV,1
CATSFSRMANEKLFF,SLLWMNLFV,1
CASSQVPGSYEQYF,KLNTITPVV,1
CASSIAVSLAKNIQYF,VMPFSIVYIV,1
CASSLTGLLNTEAFF,LVMPFSIVYI,1
CASSLSIIDPRYF,LLAILPYYV,1
CASSLTGATDTQYF,LLAILPYYV,1
CASSLVSGREETQYF,KMVAVFYTT,1
CASSLAVGETRNSPLHF,KMVAVFYTT,1
CASSLRGTGSYEQYF,FLFTFFASI,1
CASSQGYEQYF,VLFAAFSSA,1
CASSDRQGIATGELFF,FMIGYASAL,1
CASSLNPGTSYEQYF,KLPLDINPV,1
CASSLYGELYYGYTF,SLLWMNPFV,1
CASTHWERVDEQFF,VLNPFIYTL,1
CASSLIDSPYEQYF,VLNYFKPYL,1
CASSLGPNSPLHF,ILNAMIAKI,1
CASSPITNTGELFF,KMVAVFYTT,1
CASSLETGGWETQYF,KLNTITAVV,1
CASSLNMNTEAFF,MLLKHDVSL,1
CASSIDRTVGNTIYF,TMSFSHLFYL,1
CASSEMDGSNQPQHF,FIMGISILL,1
CSVRLTDYNEQFF,ILNVDIFTL,1
CASSPMTGAEQFF,VVMSWAPPV,1
CASSEGQGRWYEQYF,ILTGLNYEV,1
CATSRTDISYEQYF,FILDAVQRV,1
CASSDQGALSSYEQYF,FIFSYVVAV,1
CASSLWGTYNEQFF,MMPFSIVYI,1
CASSQADHYEQYF,MMPFSIVYIV,1
CASSFGGASEAFF,KLSELHAYI,1
CASSLAQSDSLAFF,RMAAISNTV,1
CASSYARDRNTEAFF,MLSILALVRV,1
CAGWDRTPYEQYF,FMLLTQARI,1
CASSPHSGGDPRNEQFF,YVLTWIVGA,1
CASSPPDQVYNEQFF,SLLQGSPHV,1
CASSYYSGQGNEKLFF,KLVALGINAV,1
CASALGSGGAYEQFF,LLAMTVPNV,1
CASSLTGSAEAFF,MMPFSIVYI,1
CASSLVAGPYSQETQYF,MMPFSIVYI,1
CASSYGQPNTEAFF,KLSELHTYI,1
CASGTLNSNQPQHF,ILTGLNYEA,1
CASRRDSSGYTF,KLVALGINAV,1
CASSGFSNQPQHF,MMPFSIVYI,1
CASSQEGRQGSYNEQFF,VLNPFIYML,1
CASSPPGTYNEQFF,LMFWASSSI,1
CASSPTGNEQFF,FLIYLDVSV,1
CASSPSQGYGYTF,KLWASPLHV,1
CASSYFLEQYF,ALSPVIPHI,1
CASKSNTEAFF,GLTSFFIAI,1
CASSPTGSYGYTF,ILNAMIAKI,1
CASGTELMNTEAFF,LLLNMLIVL,1
CASRNTGTTNEKLFF,MLLKHDVSL,1
CASSLPDRGGTKNIQYF,YLLAIFSGL,1
CASSEPGPWAFF,YLDELIRNT,1
CASSLVRDRHTEAFF,LLAILTYYV,1
CASTPGTSASRDTQYF,SLDLTTSPV,1
CASSLEFGADTQYF,LMFWASSSI,1
CASSRTGSLNYGYTF,FLTVFSHFM,1
CASSTLIGSGNTIYF,FLTVFSHFM,1
CASSSPSGYEQYF,ALSYTPAEV,1
CASSPSGGVYGYTF,KLWASPLHV,1
CASSPDRFYEQYF,YMFLASPSV,1
CASSYSGAEQYF,LLFGMPPCL,1
CASSIAPGNEQYF,LLFGMPPCL,1
CASSDPRGQPNQPQHF,SVLENFTIFL,1
CASSLGQGYNEQFF,VQYLGMFPV,1
CASSQWGGNEQFF,LLAMTVPNV,1
CASSSESGELFF,LLLNMLIVL,1
CASSLGQGTYEQYF,LLFALHFSA,1
CASSLDFQGPRDF,LLAMTVPNV,1
CASSIPSRTTNYGYTF,RLGPYLEFL,1
CASSVDGTEETQYF,FLMASISSS,1
CASSAGTIYNEQFF,RLGPYLEFL,1
CASSAFGIVADTQYF,ILIVMVPFL,1
CATSGGQSNEKLFF,LIFNMFYWI,1
CASGRSGEDYGYTF,LLSIISFPA,1
CASSMPTGTDSYEQYF,KMVAVFYTT,1
CASSPGQGYEQYF,FLFMYLVTV,1
CSAHPRDVQETQYF,KMVAVFYTT,1
CASSADRTQNYGYTF,KMVAVFYTT,1
CASSPPLWGVYGYTF,KMVAVFYTT,1
CASSLVRADGETQYF,KMVAVFYTT,1
CASSATGTVNTEAFF,RLGPYLEFL,1
CASSQVLGFSYEQYF,NLFNRYPAL,1
CASSTGGDTQYF,KLSREIMPV,1
CAISESKGNYGYTF,KLLAGDEIV,1
CASSLPDNNEQFF,KMVAVFYTT,1
CASSFWSGGTYEQYF,FIDQYYSSI,1
CASSYRGVEQYF,KLVALGINAV,1
CASSRYGGPSDNEQFF,KMVAVFYTT,1
CASSEGQNTEAFF,ILTGLNYEA,1
CASSLTGSSDTQYF,FSFPLDFLV,1
CSATPRYRGYEQYF,VVLSWAPPV,1
CASSQDQNTEAFF,LLFGMTPCL,1
CASSTGGTSGGRNTGELFF,ILTGLNYEA,1
CASSGQGGDEQYF,ILTGLNYEV,1
CSARPGLAGGYEQYF,ALYGFVPVL,1
CASSQQGSEQYF,NLNCCSVPV,1
CASSLGEDYEQYF,NLNCCSVPV,1
CAWIRTGGYGYTF,NLNCCSVPV,1
CASSYTIGNEQYF,ALSPVIPHI,1
CASGLDTQYF,FLYNLLTRV,1
CASSLTGVDGYTF,FLYNLLTRV,1
CSATSGTDTQYF,KLSHQLVLL,1
CASSSDINYGYTF,FLYNPLTRV,1
CSVPEGNTGELFF,ALYGSVPVL,1
CASSFPDRGQGVYGYTF,LIIPCIHLI,1
CASSYSSDFWGDQPQHF,VVLSWAPPV,1
CASSSQGETYEQYF,KLVALGINAV,1
CASSLQASGRETQYF,KLVALGINAV,1
CASSLYGGESQETQYF,VVLSWAPPV,1
CASSFRGEAFF,AVGSHVYSV,1
CASSLGGPAEQYF,VVLSWAPPV,1
CASSFGGYEQYF,KLVALGINAV,1
CASQPWFNTGELFF,VVMSWAPPV,1
CASSFAPGQGIEKLFF,VVLSWAPPV,1
CASSLWAGETQYF,NLNCCSVPV,1
CASSPGRTQYF,FLYNLLTRV,1
CASSEISSGGPFLDTQYF,ALYGFVPVL,1
CASSFGPVEQYF,LLFGMPPCL,1
CASSLESTANTEAFF,FLYNLLTRV,1
CASSVDPGQSYEQYF,ILTGLNYEV,1
CASSVEGSTEAFF,AVGSYVYSV,1
CSAPGGSGANVLTF,NLNCCSVPV,1
CASSNVLAGGRDTQYF,ALYGFVPVL,1
CASSNQETQYF,ALYGFVPVL,1
CASRMGTSGSTDTQYF,ALYGFVPVL,1
CASSVWDSLTGELFF,NLNCCSVPV,1
CASSWDNGGYTF,NLNCCSVPV,1
CASSVGSQETQYF,ILTGLNYEV,1
CASILGLTTYNEQFF,AVGSYVYSV,1
CASSWTGAGYEQYF,NLNCCSVPV,1
CASSLNREGNTEAFF,ALYGFVPVL,1
CASSYEGALSYEQYF,ALSPVIPHI,1
CASRDSLTGELFF,VVMSWAPPV,1
CSVEGPGGRIANTEAFF,NLNCCSVPV,1
CSARVTSGSYEQYF,NLNCCSVPV,1
CASSYGGGYEQYF,NLNCCSVPV,1
CSGLVPGFDSPLHF,VVLSWAPPV,1
CASSNARGYGYTF,FLYNPLTRV,1
CASSPAGSNYGYTF,FLYNPLTRV,1
CAWSVGNYGYTF,VLLGVKLSGV,1
CASSRPLNQPQHF,VVLSWAPPV,1
CASSFSATGELFF,KLSHQPVLL,1
CSAIGPRGTDTQYF,LLWNGPMAV,1
CATSPRGGHEQYF,LLWNGPMAV,1
CASSQGLSYEQYF,MLNIPSINV,1
CASSRRDSNTEAFF,LLWNGPMAV,1
CASTGQNPEAFF,GILGFVFTL,1
CASSEVRGPWAETQYF,SLPITVYYA,1
CATSRTGTGSTEAFF,LLWNGPMAV,1
CSVDNKAGGGYTF,YVLDHLIVV,1
CASSYSPGTGNTIYF,KLVALGINNV,1
CASSEAFGRPNYGYTF,LLWNGPMAV,1
CASSFDLAGVNYEQYF,LLWNGPMAV,1
CASSHDAGASTGELFF,LLWNGPMAV,1
CASSESTIVQGYNEQFF,LLIDLTSFLL,1
CAISETTGINEQFF,ELAGIGILTV,1
CAWSGFSRTEAFF,VVTGVLVYL,1
CASSLVGGITGELFF,VVTGVLVYL,1
CASSTSAGFSNQPQHF,VVTGVLVYL,1
CASSQDPGNGNTIYF,VVTGVLVYL,1
CATSDSTGSYGYTF,LLGATCMFV,1
CASMRGAHTGELFF,ELAGIGILTV,1
CASSLSGQGATNEKLFF,MLYQHLLPL,1
CASTQGDTGELFF,ELAGIGILTV,1
CASSSDRAGSPLHF,MLYQHLLPL,1
CASSTTGGGNYEQYF,IMDQVPFSV,1
CASSTTEAYEQYF,IMDQVPFSV,1
CASSESGRAEAFF,IMLEALERV,1
CASSYFGGSLSEQYF,ELAGIGILTV,1
CASSQAPLASGGYTF,ELAGIGILTV,1
CASSQDWVAEQYF,ELAGIGILTV,1
CASSSRDRSSSTEAFF,IMDQVPFSV,1
CASSPNLAGEEQYF,ELAGIGILTV,1
CASSQEVVANNEQFF,ELAGIGILTV,1
CASSRGTGGYEQFF,MLNIPSINV,1
CASSLSGDEQYF,LLWNGPMAV,1
CASSLGQGGVGEKLFF,WLSLLVPFV,1
CASTRQFNQPQHF,LLWNGPMAV,1
CASSGGYEQYF,LLWNGPMAV,1
CASSFEWSYEQYF,GLLHHAPSL,1
CASSYGGGYEQYF,LLWNGPMAV,1
CASSWTGGGQPQHF,ELAGIGILTV,1
CASSDSYEQYF,ELAGIGILTV,1
CASSLGAGGGGTQYF,ELAGIGILTV,1
CASSLGLADPNNEQFF,LLFGYPVYV,1
CASWDRGNEQFF,GILGFVFTL,1
CASSQFRGGRDGYTF,GILGFVFTL,1
CASSARDFAYEQYF,GILGFVFTL,1
CASSDPGSGAYEQYF,ELAGIGILTV,1
CASSQERLSFGTKNIQYF,LLFGYPVYV,1
CAAFQGAQKLVF,LLFGYPVYV,1
CASSTNTEAFF,GILGFVFTL,1
CASSHPAGNFHGYTF,SFHSLHLLF,1
CASSLGDRLYEQYF,SFHSLHLLF,1
CASSLDRVHEQYF,SFHSLHLLF,1
CASSTRGREQYF,SFHSLHLLF,1
CASIPDREKTQYF,SFHSLHLLF,1
CASSPDRAHTIYF,SFHSLHLLF,1
CATLLDRYNEQFF,SFHSLHLLF,1
CASSQVAGASFNEQFF,SFHSLHLLF,1
CASGNSYNQPQHF,SFHSLHLLF,1
CASSPPRVRDEQFF,SFHSLHLLF,1
CASSLLTVRTEAFF,SFHSLHLLF,1
CASIPDRVTEAFF,SFHSLHLLF,1
CASSPDRELFHTF,SFHSLHLLF,1
CASRPNRDSNYGYTF,SFHSLHLLF,1
CASSPNREKTQYF,SFHSLHLLF,1
CASSPPRGRENEQFF,SFHSLHLLF,1
CASRPDRGHTQYF,SFHSLHLLF,1
CASSPDRANTQYF,SFHSLHLLF,1
CASSVTGTGKWEQYF,SFHSLHLLF,1
CASSQDGVRMEGYTF,SFHSLHLLF,1
CASSVTSPGSCFF,SFHSLHLLF,1
CASSPDRGTEAFF,SFHSLHLLF,1
CAFKRDRENEQFF,SFHSLHLLF,1
CASSPDRVQEQFF,SFHSLHLLF,1
CASRPPGTGQEQYF,SFHSLHLLF,1
CASILDRSETQYF,SFHSLHLLF,1
CASSRDRERYEQYF,SFHSLHLLF,1
CASSQDRGYVYGYTF,SFHSLHLLF,1
CSVEDLRSGGGDTEAFF,SFHSLHLLF,1
CASSMVGGSYNEQFF,GILGFVFTL,1
CASSGRSSQPQHF,GILGFVFTL,1
CASSPLSGRVTDTQYF,GILGFVFTL,1
CAMYLCASSLFGSPLHF,GILGFVFTL,1
CASSGRATGELFF,GILGFVFTL,1
CASSTRATETQYF,GILGFVFTL,1
CASSSPKGAKYEQYF,GILGFVFTL,1
CASSPEAGVSNTEAFF,GILGFVFTL,1
CSARDTSGSYNEQFF,GILGFVFTL,1
CASSISGGPGETQYF,GILGFVFTL,1
CASSLPKTINSEQYF,GILGFVFTL,1
CASSPTSGIYEQYF,RFPLTFGWCF,1
CSVRSGNEQFF,HIMPDTAEI,1
CASSGRSTDTQYF,LASYFFWGL,1
CASSGGTGYEQYF,NLQREEYTV,1
CSARDQSSNQPQHF,IMNDMPIYM,1
CALPGVAGITYEQYF,IMNDMPIYM,1
CASSSAWTGYEQYF,IMNDMPIYM,1
CASSRRTGGTEAFF,IMNDMPIYM,1
CASSIAGGASYEQYF,IMNDMPIYM,1
CASSARRGNTEAFF,IMNDMPIYM,1
CSALGGQASTDTQYF,IMNDMPIYM,1
CASSQGRGLRNEQFF,IMNDMPIYM,1
CASSTWGLPRETQYF,IMNDMPIYM,1
CARRLAGEYNEQFF,FLCMKALLL,1
CASSPRTDRSGANVLTF,FLCMKALLL,1
CASSDSRGSNSPLHF,FLCMKALLL,1
CSARDQSSNQPQHF,FLCMKALLL,1
CSARTGSSYNSPLHF,FLCMKALLL,1
CASSLAGWQGDDYGYTF,FLCMKALLL,1
CASSFVGDTQYF,FLCMKALLL,1
CASSPSRSPYEQYF,FLCMKALLL,1
CAISPLTSWGTDTQYF,FLCMKALLL,1
CASSRRTGGTEAFF,FLCMKALLL,1
CASSSLAGQIDEQFF,FLCMKALLL,1
CASSILGDSSGNTIYF,FLCMKALLL,1
CASSSLRTPNSPLHF,FLCMKALLL,1
CASSQSTGVATNEKLFF,FLCMKALLL,1
CASSPVVGGTGELFF,FLCMKALLL,1
CASSLGTGQGNEQFF,FLCMKALLL,1
CSVEDGRTDTQYF,FLCMKALLL,1
CASSVWAEDQPQHF,FLCMKALLL,1
CASSEGAGNTIYF,FLCMKALLL,1
CASSPYPGANVLTF,FLCMKALLL,1
CASSIYGAGYGTDTQYF,FLCMKALLL,1
CASSTGTYNEQFF,FLCMKALLL,1
CASSSGLYSVF,FLCMKALLL,1
CASSLGGTWGDTQYF,FLCMKALLL,1
CSVDFWVREENYGYTF,FLCMKALLL,1
CASSYGTSGSSGEQYF,FLCMKALLL,1
CASAEGRLSSYEQYF,FLCMKALLL,1
CASSQDFSPYGYTF,FLCMKALLL,1
CASSDTSASNYEQYF,FLCMKALLL,1
CAAGSYEQYF,FLCMKALLL,1
CASSQGGWRDKQYF,FLCMKALLL,1
CASSYVPPGGLDYEQYF,FLCMKALLL,1
CALNGEISYNEQFF,FLCMKALLL,1
CASSEDGMNTEAFF,CLGGLLTMV,1
CASSKQGGNIQYF,FLYALALLL,1
